model,dataset,step,track,Memory in Mb,Time in s,Accuracy,MicroF1,MacroF1,error
CapyMoa Adaptive Random Forest,ImageSegments,2310.0,Multiclass classification,0.0029153823852539,1.7048739999999996,0.1259740259740259,0.1259740259740259,0.0745141992852133,
CapyMoa Adaptive Random Forest,Keystroke,20400.0,Multiclass classification,0.0088386535644531,25.541998,0.0195588235294117,0.0195588235294117,0.0007378313306482,
CapyMoa Leveraging Bagging,ImageSegments,2310.0,Multiclass classification,0.0029153823852539,1.7477419999999997,0.1259740259740259,0.1259740259740259,0.0745141992852133,
CapyMoa Leveraging Bagging,Keystroke,20400.0,Multiclass classification,0.0088386535644531,25.404080999999994,0.0195588235294117,0.0195588235294117,0.0007378313306482,
CapyMoa Naive Bayes,ImageSegments,2310.0,Multiclass classification,0.0029153823852539,1.7906230000000003,0.1259740259740259,0.1259740259740259,0.0745141992852133,
CapyMoa Naive Bayes,Keystroke,20400.0,Multiclass classification,0.0088386535644531,24.434367,0.0195588235294117,0.0195588235294117,0.0007378313306482,
CapyMoa Online Bagging,ImageSegments,2310.0,Multiclass classification,0.0029153823852539,1.689157,0.1259740259740259,0.1259740259740259,0.0745141992852133,
CapyMoa Online Bagging,Keystroke,20400.0,Multiclass classification,0.0088386535644531,29.422303000000007,0.0195588235294117,0.0195588235294117,0.0007378313306482,
